Имя,Табельный номер,Основная роль,Договор,Формат торговой точки,Торговая дочка,Город
Морозова Полина Дмитриевна,24192712,Сборщик КК,ТД,ДС,7565,Санкт-Петербург
Кузнецов Роман Алексеевич,24213709,Сборщик КК,ТД,ДС,7565,Санкт-Петербург
Соколова Екатерина Игоревна,24209872,Сборщик КК,ТД,ДС,7565,Санкт-Петербург
Лебедев Максим Сергеевич,24203116,Сборщик КК,ТД,ДС,7565,Санкт-Петербург
Попов Денис Владимирович,24188961,Сборщик КК,ТД,ДС,7565,Санкт-Петербург
Васильев Андрей Николаевич,24166115,Сборщик КК,ТД,ДС,7565,Санкт-Петербург
Петрова Мария Александровна,24161445,Старший кассир-комплектовщик (2/2),ТД,ДС,7565,Санкт-Петербург
Новикова Ольга Сергеевна,24121550,Сборщик КК (2/2),ТД,ДС,7565,Санкт-Петербург
Морозов Артём Викторович,24186722,Повар-пекарь,ТД,ДС,7565,Санкт-Петербург
Павлов Владислав Иванович,24180240,Несборщик,ТД,ДС,7565,Санкт-Петербург
Фёдоров Илья Петрович,24169901,Сборщик КК,ТД,ДС,7565,Санкт-Петербург
Кузнецова Анна Михайловна,24191727,Несборщик,ТД,ДС,7565,Санкт-Петербург
Соловьёв Кирилл Олегович,24188665,Повар-пекарь,ТД,ДС,7565,Санкт-Петербург
Александрова Светлана Павловна,24199742,Сборщик КК,ТД,ДС,7565,Санкт-Петербург
Борисов Глеб Артурович,24186986,Сборщик КК,ТД,ДС,7565,Санкт-Петербург
Григорьев Ян Романович,24216127,Сборщик КК,ТД,ДС,7565,Санкт-Петербург
Ефимова Любовь Владимировна,24165407,Кассир-комплектовщик,ТД,ДС,7565,Санкт-Петербург
Киселёва Юлия Дмитриевна,24214652,Сборщик КК,ТД,ДС,7565,Санкт-Петербург
Белякова Елена Викторовна,24150300,Старший кассир-комплектовщик,ТД,ДС,7565,Санкт-Петербург
Тихонова Дарья Андреевна,24169504,Кассир-комплектовщик,ТД,ДС,7565,Санкт-Петербург
Никитин Иван Максимович,213749,Сборщик (построчно) (4/2),Аутсорсинг,ДС,7565,Санкт-Петербург
Степанов Николай Валерьевич,24130775,Кассир-комплектовщик универсальный (5/1),ТД,ДС,7565,Санкт-Петербург
Михайлов Антон Евгеньевич,24194235,Разнорабочий,ТД,ДС,7565,Санкт-Петербург
Алексеева Татьяна Сергеевна,24218045,Кассир-комплектовщик,ТД,ДС,7565,Санкт-Петербург
Егоров Арсений Владимирович,24211816,Сборщик КК,ТД,ДС,7565,Санкт-Петербург
Захаров Павел Денисович,24197450,Сборщик КК,ТД,ДС,7565,Санкт-Петербург
Семёнов Виктор Петрович,24190149,Старший кассир-комплектовщик (2/2),ТД,ДС,7565,Санкт-Петербург
Карпова Алиса Романовна,24194038,Сборщик КК,ТД,ДС,7565,Санкт-Петербург
Ковалёва Марина Борисовна,24155216,Сборщик КК (2/2),ТД,ДС,7565,Санкт-Петербург
Иващенко Юрий Владимирович,24197843,Кассир-комплектовщик,ТД,ДС,7565,Санкт-Петербург
Герасимова Надежда Геннадьевна,24208373,Сборщик КК (2/2),ТД,ДС,7565,Санкт-Петербург
Трофимов Даниил Юрьевич,24150383,Кассир-комплектовщик,ТД,ДС,7565,Санкт-Петербург
Азимова Зарина Рустамовна,A000217693,Уборщица,Аутсорсинг,ДС,7565,Санкт-Петербург
Савицкий Алексей Фёдорович,24143510,Кассир-комплектовщик универсальный (4/2),ТД,ДС,7565,Санкт-Петербург
Комаров Станислав Вячеславович,24211180,Сборщик КК,ТД,ДС,7565,Санкт-Петербург
Рубцов Вадим Эдуардович,24150244,Сборщик КК (4/2),ТД,ДС,7565,Санкт-Петербург
Шевченко Вера Олеговна,24164124,Повар-пекарь,ТД,ДС,7565,Санкт-Петербург
Макаров Сергей Игоревич,24190214,Повар-пекарь,ТД,ДС,7565,Санкт-Петербург
Шарова Евгения Романовна,24172109,Сборщик КК,ТД,ДС,7565,Санкт-Петербург
Денисова Анастасия Станиславовна,24212662,Сборщик КК,ТД,ДС,7565,Санкт-Петербург
Белов Григорий Николаевич,24176271,Несборщик,ТД,ДС,7565,Санкт-Петербург
Новицкая Мария Александровна,24179799,Сборщик КК,ТД,ДС,7565,Санкт-Петербург
Кудрявцев Тимофей Павлович,24200800,Сборщик КК (2/2),ТД,ДС,7565,Санкт-Петербург
Астахов Владислав Денисович,24108071,Сборщик КК,ТД,ДС,7565,Санкт-Петербург
Власов Андрей Васильевич,24213827,Сборщик КК,ТД,ДС,7565,Санкт-Петербург
Гафарова Земфира Марсельевна,24166214,Сборщик КК (2/2),ТД,ДС,7565,Санкт-Петербург
Хасанзода Фаррух Алишерович,203571,Грузчик,Аутсорсинг,ДС,7565,Санкт-Петербург
Кириенко Дмитрий Павлович,24150150,Кассир-комплектовщик универсальный,ТД,ДС,7565,Санкт-Петербург
Смирнов Алексей Дмитриевич,,Продавец,Аутсорсинг,ВС,5494М,Санкт-Петербург
Кузнецова Ольга Сергеевна,,Продавец-консультант (3/3),ТД,ВС,5494М,Санкт-Петербург
Иванов Павел Владимирович,,Старший продавец (3/3),ТД,ВС,5494М,Санкт-Петербург
Петрова Анна Игоревна,,Разнорабочий,ТД,ВС,5494М,Санкт-Петербург
Соколов Артём Викторович,,Продавец-консультант,ТД,ВС,5494М,Санкт-Петербург
Михайлова Елена Алексеевна,,Охранник,Аутсорсинг,ВС,5494М,Санкт-Петербург
Фёдорова Мария Николаевна,,Продавец-консультант,ТД,ВС,5494М,Санкт-Петербург
Морозов Денис Александрович,,Охранник,Аутсорсинг,ВС,5494М,Санкт-Петербург
Волкова Татьяна Петровна,,Старший продавец (2/2),ТД,ВС,5494М,Санкт-Петербург
Белова Ксения Андреевна,,Уборщица,Аутсорсинг,ВС,5494М,Санкт-Петербург
Новикова Светлана Юрьевна,,Продавец-консультант,ТД,ВС,5494М,Санкт-Петербург
Егоров Максим Олегович,,Продавец-консультант (4/2),ТД,ВС,5494М,Санкт-Петербург
